two;one;five;three;dozen;four;thousand;1998–2000;ten;3d;
in 1541;1660;1635;1932;1596;august 1570;in 1964;1649;1454;1684;
stopov;multipl;activ;hilli;becaus;pari;united st;byzantin;introduc;compris;
measur;the alberta district nursing servic;united states armi;believ;violat;bosnia;india;quantiti;britain;arrang;
matthew harrison bradi;earl;dougla;henry drummond;william jennings bryan;bert;sir patrick hepburn;becaus;sun;james adam john adam james burnett;
paul;chang;becaus;nikaj;thomas jefferson;new testa;margaret torri;rafael correa;sixto durán ballén;god;
becaus;awar;societi;god;fulli;chang;repris;gilbert durand;historiographi;hunt;
becaus;preston wilson;louis cardin;simon ra;joe buck;sam fuld;kelli;ben;harry jupp;themselv;
becaus;divid;festiv;extrem;kilometr;gao;sahel;itu-calabar;kotai jingū;rang;
united st;mari;militari;lee;major general fitz john port;sesquicentenni;henry wemyss feilden;william watson;mel bradford;arthur;
two;1334–1339;45,000;25,000;21,076;13,100;595;one;9;
summer;1913;1869;1882;zero month;august 1912;1927;2014;1937;2008;
lord arthur clinton;anne casey;chang;maria;joseph franklin;maria luísa;henri;frederick william park;ernest hum;stella goldschlag;

1968;1970;today;1960;1839;march 1938;august;1973;1989;in 2010;
believ;great britain;alaska;djibouti;new york;london;preemptiv;rome;arkansas riv;arrang;
today;1960;1989;1980;1991;2008;1983;1950;nineteen eighty-four;2005;
amigado;becaus;divid;introduc;rafael correa;festiv;dean;chang;militari;kotai jingū;
becaus;rang;meter;sun;yangtz;princip;kotai jingū;everi;manserich;materi;
believ;china;america;nativ;japan;great britain;figur;india;ozon;israel;
1949;1945;1947;1980;2003;1895;1642;modern-day;april 1895;1720;
marx;societi;materi;qualiti;engel;god;osnabrück;realiti;correspond;chang;
one;2;10;six;70;12-line;555m;00;5,000;two;
two;nine;four;five;one;three;9;40;one-fifth;37;

iris kyl;yaxeni oriquen-garcia;debi laszewski;lisa aukland;god;betty pariso;lefrançoi;masquerad;tell mozan;sheila bleck;
figur;
gall;george monbiot;correspond;quot;ravilli;livesci;everi;princeton;michael coren;martin wolf;
three;two;four;one;200;118;9;16;3;six;
dsq/dn;sparrsätra;fun palac;ibn;isl;tercet;ab-aaab-ab;thanyatul-murra;joão dia;allah;
one;three;four;two;nine;0;2;seven;15;30,000;
becaus;festiv;sun;necessari;gall;impur;kotai jingū;shiraisshiki;são paulo;united st;

five;four;seventy-four;three;39c;200-1100;pad 39;seven nimbu;eight spacebus 4000b2;4;
1970;summer;1963;2009;1988;in 2014;1904;1993;2003;until 1964;
one;30,000;150;beauti;90;500,000;5,000;200;4,000;27;
ghostwritten;marty balin;jefferson airplan;alison krauss;god;sylvia anderson;

believ;measur;japan;sculptur;wila llojeta;man'yōgana;although malta;malta freeport;chicago;united kingdom;

edo;palac;koguchi;armi;miller;squar;the sugashima lighthous;halfway;the okihiki festiv;shank;
brinkley;stephen k;sir hugh;becaus;semi-biograph;bitterli;miriam coffin;newslett;john irv;martin seymour-smith;
festiv;triangl;necessari;kameyama castl;kotai jingū;shiraisshiki;becaus;everi;chang;paolo lucio anafesto;
1932;mid-1770;1997;1993;january 1907;in 2012;eighteenth-century fr;in 2011;1762;mid-1790;
two;four;three;one;18;0;five;22;six;eighty-on;
believ;israel;assur;specul;correctli;japan;slightli;kingdom;jamnia;explicitli;
23;3,015;10,311;13,785;half;82,000;1800;1,2,3;19:45;8;
atari;adhvaryu;winkworth;nippur;reactiv;replac;prosomoia;anc;sanctuari;copi;

two;four;three;seven;one;five;nine;150;4;0;
crr;edo;koguchi;la grand jav;the sugashima lighthous;dartmouth summer research confer;uncertainti;miller;abbott laboratori;nyse;
rondeau;becaus;necessari;festiv;divid;kameyama castl;kotai jingū;damag;shiraisshiki;everi;

vienna;berlin;arrang;die wittenbergische nachtigall john skelton;croarken;the michigan;unhappi;charlotte lennox;peirc;pennsylvania;
nobl;
fiat 500;one;400;ram 2500;1978–1991;1978–1983;1978–1980;
pope paul;pope piu;henri;john;john paul;giovanni;pope pius x;pope john paul;everi;john paul i;
decay;elmina;anniversari;louis chevali;materi;hilton hotel;litig;migrat;everi;pipelin;
1947;1618;1661;1874;january 19;1805;december 19;april 23;1964;april 25;
societi;challeng;david hum;themselv;chang;john millar;rang;inevit;introduc;dugald stewart;
2008;2007;in 2015;2013;june;forest day 4;forest day 5;2000;2014;2020;
2013;2007;1960;2010;2015;1963;1971;1983;1994;2006;
thousand;20;57,000;10,000;one;30,000;50,000;500,000;85;11,000–16,000;
becaus;festiv;mutsu;sun;divid;everi;gilbert jessop;kotai jingū;chang;shiraisshiki;
igbo;becaus;activ;emerg;kanem;riot;militari;pari;everi;socio-polit;
1997;1969;1830;1949;1950;1992;1893;1546;1940;1882;
denis compton;gilbert jessop;dr christopher drew;charles martel charles martel;len hutton;keith mil;martin donnelli;kay;emilia clark;militari;
abov;destin;nasa;genr;irrat;air;sts-132;notabl;quantum;nervou;

paul;rondeau;becaus;james randi;kyle;god;festiv;stan;saint paul;kotai jingū;
one;77,400;73;three;30,000;11,000;three sacred treasur;555m;beauti;191,000;
chang;kotai jingū;becaus;shiraisshiki;yamada;necessari;festiv;kitami;sun;etiquett;
one;242,608;1;5;bonner 4;94;four;48–5;commodore 64;90;
two;three;37;one;24;300;1,237;70;famou;500;
1;2;one;two;3;four;4;5;six;6;
festiv;kilometr;chichi jima;okinawa;becaus;yamada;extrem;divid;postmetropoli;rang;
1795;1980;november 2016;1789;1928;1769;1918;1565;august 1965;1910;
mark twain;george westinghous;william terbo;jane;refus;graz;thomas edison;everi;tom;jack tarot;
syria;surviv;believ;beirut;japan;virginia;south carolina;iowa;jerusalem;india;
rang;meter;tabl;united st;nineti;everi;the graham;terrac;rocky mountains canadian rockies list;nakauvadra;
today;1942;1973;1868;2009;1770;1630;2007;present-day;at 36°41′n 34°06′;
one;three;two;15-line;six;3;four;100;4;89;
paul;rondeau;becaus;amigado;god;festiv;divid;chang;kotai jingū;saint paul;
flora;unperson;contin;introduc;linda;foru;extrem;geoffrey chauc;rondeau;sub-lieutenant arthur reginald evan;
são miguel;terceira;meter;ouro;santa maria;diário;lagar;nossa senhora;rio tabit;festiv;
japan;believ;man'yōgana;spain;baroqu;colorado;tokyo;
1485;1933;1986;1971;1540;4-87187-857-0;1952;1934;1024;after 1945;
2014;1925;1984;1873;2008;1945;1872;in december 1905;1878;2011;
japan;usci;believ;baroqu;colorado;man'yōgana;mexico;scotland;london;tokyo;

harry gregson-william;yuvan shankar raja;carey;nanujaan veerendra saxena;eric benét;marie antoinett;al-sha;hans zimm;festiv;max beesley;
united st;chang;gonzalez;sydney;jack hobb;gullah;j-2;stabil;defens;god;
becaus;necessari;everi;festiv;chang;debat;shiraisshiki;refus;kotai jingū;activ;
2004;1866;in 1973;1860;september 8;1898;1885;1970;in 1881;1921;
one;5;two;half;251,000;eighteen;24;mid-19th;125;35;
neil young;megadeth;jacki;introduc;chang;jucif;christma;angelis john barrowman;kim;whatz ya phon;
becaus;impur;necessari;kotai jingū;sun;shiraisshiki;festiv;divid;kegar;rudolf otto;
berber;militari;becaus;byzantin;ras alula;introduc;alula;tambuka;divid;mali empir;
1910;present-day;1720;1565;1951;1959;1624;1616–1623;in 1618;march 1620;
1980;september 1982;january 1946;wake me up when september end;may 2010;july 1;1960;2005;1954;2006;
one;12;18;3370;26;25;eight;two;14;16;
2005;1980;in 1925;1869;1998;summer;daily new;november 2000;in september 2007;2000;
kotai jingū;becaus;necessari;divid;festiv;shiraisshiki;everi;kitami;jolof;ajālto-rōk;
koguchi;sadaijin moro;guru granth sahib;halfway;federal road safety corp;shank;sanctuari;kogakkan university ise grand shrin;the sugashima lighthous;armi;
nobl;
chang;narr;societi;becaus;activ;god;multipl;qualiti;jardinièr;kristeva;
two;three;five;one;150;52;165;four;71;70;
replac;constel;apostl;portug;inspir;nova vulgata;chiverton cross;epistl;oasi;copi;
dougla;abraham lincoln;davi;jefferson davi;lee;danville railroad;chang;united st;congreg;becaus;
today;1945;1603;1820-22;in 1585;1453;in 1839;1929;1878;2003;
shen kuo;alan dean fost;reveng;sam witwicki;god;sam;blair;patrick moor;saint brendan;adelaid;
1522;today;1937;1300;1519;1008;1116;1980;1516;2005;
kotai jingū;becaus;chang;necessari;festiv;dumbarton oak;everi;sun;shiraisshiki;jolof;
god;javier manzano;bert;michael vincent wal;carlos mateo balmelli;raymond carlson;peter martin;author david sedari;united st;paul mellon;
issu;bronz;abov;philatel;confus;yehud;surfac;contemporari;deni;hoxn;
candi;pari;paul vinc;becaus;challeng;empress wei;necessari;amir khattab;senator patrick leahi;jean bourgeois-pichat;
becaus;amigado;tucana;festiv;sun;mm;shiraisshiki;kotai jingū;everi;charles messi;
princip;rondeau;becaus;amigado;necessari;festiv;kotai jingū;everi;karl i;shiraisshiki;
2001;in 2012;today;1849;may 11;february 2011;2003;1903;october 2011;november 28;
militari;rang;chang;becaus;senator chris dodd;necessari;moroccan sports minister mohamed ouzzin;emerg;santiago north zon;halsey;
1814;1971;1919;1980;2013;ted kord-33;june 7;2000;1973;1912;
rondeau;divid;borg;festiv;kotai jingū;becaus;necessari;kameyama castl;yamada;hansa borg bryggeri;
rondeau;becaus;necessari;festiv;guadalcanal diari;shiraisshiki;impur;extrem;everi;kotai jingū;
paul;becaus;rondeau;god;chang;amigado;nikaj;festiv;materi;harmonic converg;
activ;introduc;becaus;hardwar;san andrea;xbox liv;disc;sega;anniversari;fulli;
two;three;one;four;five;six;3;seven;eight;1;
becaus;stopov;awar;multipl;karl ferdinand wern;stuart airli;chang;don bradman;swarm challeng;passeng;
elizabeth;queen elizabeth;festiv;count johann;amda seyon;elizabeth stuart;becaus;peter;queen mari;kotai jingū;
2014;1976;2008;1984;2011;1902;1967;1925;1960;in 1987;
1991;1990;1999;1980;1987;1917;1988;1992;1996;1952;
jessica;richardson;juana maria;introduc;garcia;kelly clarkson;becaus;critiqu;roger rabbit;randy jackson;
edo;koguchi;the sugashima lighthous;kogakkan university ise grand shrin;halfway;palac;sanctuari;armi;environ;quarantin;
cix;refus;roddenberri;nichol;chang;rang;emerg;becaus;stopov;activ;
1998;first-ord;1964;in 2005;1997;october 1999;2005;2000;1960;1965;
rondeau;becaus;festiv;divid;necessari;galapago;kotai jingū;shiraisshiki;everi;chang;
1987;2008;2004;in 1999;2006;1989;1972;modern-day;1941;1976;
one;10,000;two;16;three;eleven;9;half;5,700,000;8;
militari;finavia;provis;chang;lane;fulli;milton keyn;stoney trail;kallang basin;united st;
anno domini;neolith;emerg;kilometr;becaus;quinoa;tertiari;united st;halaf;meter;
durazno;japan;believ;america;measur;specul;new york public librari;baroqu;illinois senator dick durbin;scotland;
yunga;divid;becaus;festiv;necessari;shiraisshiki;kotai jingū;fluvial yunga;everi;extrem;
one;two;three;four;six;9;1;500;3;zero;
1557;1913;1715;1558;1920;1919;1595;august 1611;1828;1963;
2005–06;two;2001–02;one;five;twenty20;1999–2000;eight;24;three;
chang;kilometr;debat;becaus;festiv;necessari;henry blebi;shiraisshiki;joseph knight;kotai jingū;
refus;chang;themselv;provis;henri;divid;becaus;everi;militari;societi;
alexandria;becaus;mcnalli;correspond;enzo ferrari;fulli;downgrad;william lawr;lord jesus christ;cosworth;
becaus;impur;shiraisshiki;kotai jingū;festiv;necessari;sun;rudolf otto;kegar;engi era;
meter;pipelin;winkelri;hectar;phewa;rang;gaug;owen hoffman;everi;turawskie lak;
believ;nativ;persia;afro samurai 2;showcas;rome;united kingdom;polygon;in colombia;figur;
armi;replac;fortifi;flank;anjaneri;air;kibata;squar;navi;palac;
chang;al-islamiyya;ralli;marx;rang;courtenay plac;cafe societi;freedom bridg;themselv;subway st;
2012-2013;summer;zero month;july 2013;december 2008;1927;1976;1969;2014;july 12;
1932;may 1956;1928;1925;1940;1865-80;1917;1960;1975;1875;
basil pao;stopov;emerg;melissa farman;knight;michael palin;ziegler;barry took;united st;schiavo;
edo;koguchi;sadaijin moro;qur'an;sanctuari;halfway;guru granth sahib;nihon ōdai ichiran;shank;replac;
paul;becaus;rondeau;god;amigado;divid;quot;militari;eagl;shiraisshiki;
maria;becaus;empress wei;karuvaki;gao shaoyi;su gui;kebede mikael;wu zetian;serefina;western liang;
one;zero;39;145;1154–1189;978–1016;rurikids 5;9;15;beauti;
1806;1815;1440;1525;1930;1945;1663;1858;1949;1757;
necessari;festiv;shiraisshiki;becaus;kotai jingū;everi;god;kitami;gore;thar;
measur;china;india;venezuela;colombia;believ;brazil extrem;colombia extrem;guyana;pakistan;
vienna;michigan;measur;columbia;pennsylvania perelman school;alberta;vermont colleg;london;michigan—ann arbor inventori;pennsylvania school;
rondeau;necessari;festiv;becaus;kotai jingū;sabaton;sun;toyouke-ōmikami;subsidiari;shiraisshiki;
oxford;larson;limerick;american august 27;curat;western australia;ulf strohmayer andres tarand;capitola moor;wilson;arabella eugenia smith;
1952;1936;1946;1958;1948;1953;1962;1479;1950;1945;
activ;monasteri;gilbert jessop;knight;god;aquila;peter delyan;lublin;ralli;jean bourgeois-pichat;
paul;peter;roddenberri;barnaba;damag;extrem;god;sabaton;correspond;introduc;
von;portug;lászló kuta;lászló szunyogh;johann georg heinrich fed;johann christian georg bodenschatz;josephus adjutu;johann georg abicht;mit;johann adam möhl;
sunday;1582;january 1;2000;millennium;annual;1752;2015;thursday;april;
militari;becaus;chang;united st;saddam;refus;saddam hussein;activ;introduc;divid;
1756;2012-2013;1150;1950;1100;june 29;new year;1965;1977;1885;
paul;laura palm;aquila;introduc;hyamson;huguccio;knight;al-kindi;lara flynn boyl;storr;
god;semi-kuf;introduc;ibn abba;yazata;al-ghashiyah;munkar;al-bukhari;divid;al-nahl;
paul;becaus;rondeau;god;amigado;festiv;impur;sun;saint paul;chang;
arizona student union memorial cent;squar;tai tam reservoir;the hong kong correctional services museum;temporari;cheung sha;the sugashima lighthous;miller;hyakunin isshu;takatsukasa naotak;
divid;salian frank;god;realiti;paul;earthworm;debat;lenin;ben-gurion;st chad;
rondeau;festiv;kotai jingū;becaus;everi;necessari;divid;kameyama castl;shiraisshiki;united st;
sun;shiraisshiki;chai-sam;hunt;chiang chi yan;cheung kwok keung;chi yan;sammo hung;sei wai;ho ye;
everi;becaus;emerg;introduc;russell-brown;damag;divid;larry robert;chang;jayasuriya;
robert falcon scott;douglas mawson;owen chas;finn ronn;earl;thomas nickerson;charles wilk;delin;edith ronn;captain george pollard;
two;three;seven;one;half;five;nine;thousand;14th–15th;dozen;

one;two;three;six;four;seven;5;five;16;7;
one;23;beauti;two;famou;6;80,260/sq;10;twenty-thre;9;
one;two;three;5;200;250;half;thousand;30;50;
1930;1947;1914;1932;1955;1921;1908;1925;1922;1934;
monasteri;chang;divid;mardin;tel kepp;al-malikiyah;recaptur;fulli;jazira canton;al-bid;
1994;1956;1501;1941;1997;1902;1921;1862;may day;february 1803;
nobl;
rondeau;becaus;festiv;amigado;impur;necessari;supercinecolor;shiraisshiki;everi;kotai jingū;
john hart;david levi;kaufman;mark levin;dougla;alvin youngblood hart;biograph;daniel levi;michael stern;dan levi;
revolut;armi;chase;karachi;hattenhofen;conveni;tercet;headingley;ine;khezakhenoma;
chang;roddenberri;emerg;nichelle nichol;ras al khaimah;becaus;rang;themselv;awar;introduc;

nobl;
sun;refus;gonzález;united st;chang;becaus;sulkowicz;themselv;activ;ison;
2015;1973;1992;2003;2007;september 15;1967;2000;1880;1975;
yaxeni oriquen-garcia;iris kyl;debi laszewski;lisa aukland;betty pariso;lefrançoi;roger graef;margaret martin;monique jon;sheila bleck;
sri lankan;becaus;dilshan;kenyan;chang;jack hobb;refus;richie richardson;united st;charlie griffith;
